symbol,short_name,country,industry,sector,current_price,market_cap,trailing_PE,forward_PE,price_to_sales,price_to_book,debt_to_equity,short_ratio,enterprise_to_revenue,enterprise_to_ebitda,beta,fiftytwoweek_high,fiftytwoweek_low,target_mean_price,target_high_price,recommendation,return_on_equity,total_revenue,free_cashflow,total_debt,earnings_growth,revenue_growth,gross_margins,ebitda_margins,operating_margins,profit_margins,trailing_peg_ratio
CEG,Constellation Energy Corporatio,United States,Utilities - Renewable,Utilities,225.95,70669705216,24.884361,25.270855,2.9467812,5.626245,65.003,2.0,3.243,12.969,0.776,288.753,109.44,279.11588,342.0,buy,0.22846001,23982000128.0,784374976.0,8412000256.0,0.69,0.072,0.20853001,0.25006,0.22397,0.11926,
BEPC,Brookfield Renewable Corporatio,United States,Utilities - Renewable,Utilities,28.35,5092822016,,128.86363,1.071271,2.0775318,97.258,5.46,6.891,11.246,1.008,35.14,21.35,,,none,-0.06349,4753999872.0,1042625024.0,13797000192.0,,0.04,0.62641996,0.61275,0.30093,-0.26756,
AES,The AES Corporation,United States,Utilities - Diversified,Utilities,12.915,9182913536,8.96875,6.301414,0.7475507,2.7912254,352.879,2.03,3.453,12.723,1.09,22.21,12.24,18.24692,25.0,buy,-0.02549,12284000256.0,-8318249984.0,30150000640.0,1.206,-0.042,0.19440001,0.27141002,0.20158,0.08344,1.0921
NEE,"NextEra Energy, Inc.",United States,Utilities - Regulated Electric,Utilities,72.22,148513210368,21.430267,19.632309,5.6585083,2.9672542,139.015,3.72,9.051,16.296,0.561,86.1,53.95,87.00909,102.8,buy,0.09887999,26246000640.0,-16568750080.0,82767003648.0,0.5,0.055,0.62109,0.55544,0.35562,0.26492,2.9224
OKLO,Oklo Inc.,United States,Utilities - Regulated Electric,Utilities,22.208,3037965568,,-58.425194,,,0.014,0.69,,-53.148,-0.576,28.12,5.35,22.5,27.0,buy,-0.59389997,,-12171820.0,37785.0,,,,,,,
VST,Vistra Corp.,United States,Utilities - Independent Power Producers,Utilities,139.31,47396880384,26.235405,17.340054,2.9140413,16.008965,183.15,1.43,4.197,11.34,1.111,168.67,37.77,160.464,231.0,buy,0.30168,16264999936.0,600000000.0,15847999488.0,3.2,0.539,0.41654,0.37012002,0.41158,0.12505001,0.8073
VKTX,"Viking Therapeutics, Inc.",United States,Biotechnology,Healthcare,40.0,4457440256,,-28.254972,,4.8905735,0.135,5.09,,,0.994,99.41,17.23,110.0,164.0,strong_buy,-0.15496,,-44290000.0,1235000.0,,,,,,,
CRSP,CRISPR Therapeutics AG,Switzerland,Biotechnology,Healthcare,39.01,3329639936,,-7.788152,16.415997,1.716234,11.731,9.52,7.843,-5.081,1.662,91.1,38.2,81.75,199.0,buy,-0.13066,202828992.0,-118566872.0,227544992.0,,,-1.28711,-1.54356,-182.9402,-1.18126,
RXRX,"Recursion Pharmaceuticals, Inc.",United States,Biotechnology,Healthcare,6.95,2715517696,,-4.209289,41.659267,3.7915986,17.276,4.72,24.621,-4.407,0.802,15.74,5.6,9.85714,12.0,none,-0.78492,65184000.0,-186334368.0,90625000.0,,1.476,,,-3.77095,,
BEAM,Beam Therapeutics Inc.,United States,Biotechnology,Healthcare,25.24,2090013312,,-5.268827,5.9775634,2.5308332,20.48,9.14,3.568,-7.757,1.862,49.5,20.84,49.2,80.0,none,-0.18289,349643008.0,-38545624.0,162064992.0,,-0.17,-0.16174,-0.45998,-7.4640102,-0.41068,
NTLA,"Intellia Therapeutics, Inc.",United States,Biotechnology,Healthcare,11.45,1166171008,,-2.0930023,27.066124,1.2108713,10.557,7.41,14.056,-1.148,1.806,34.87,11.34,59.88615,128.0,none,-0.52228,43086000.0,-184956496.0,101623000.0,,-0.24,,,-15.88958,,
DNA,"Ginkgo Bioworks Holdings, Inc.",United States,Biotechnology,Healthcare,9.65,554671360,,-1.2107904,2.544936,0.658838,55.843,4.67,1.577,-0.654,,68.8,5.26,8.2,10.0,none,-0.63511,217951008.0,-317241504.0,445592000.0,,0.606,0.80942,-2.41234,-0.58682996,-2.98778,
EDIT,"Editas Medicine, Inc.",United States,Biotechnology,Healthcare,1.2122,100064808,,-0.8095528,1.6202465,0.5696429,21.914,5.91,-2.065,0.573,2.006,11.58,1.16,3.66667,8.0,none,-0.78558,61759000.0,-113797624.0,38488000.0,,-0.989,-2.56534,,-1076.4918,,
PACB,Pacific Biosciences of Californ,United States,Medical Devices,Healthcare,1.8,529767008,,-2.8176951,3.059637,1.0876132,203.202,5.08,5.428,-3.869,2.009,9.99,1.16,3.02083,6.0,none,-0.64795995,173147008.0,-190759744.0,920752000.0,,-0.282,0.31323,-1.4029499,-1.40133,-2.2769098,
QSI,Quantum-Si Incorporated,United States,Medical Devices,Healthcare,3.4199,533370976,,-4.1203613,235.37996,2.318576,6.567,0.44,129.177,-3.053,2.928,4.14,0.612,3.25,5.5,none,-0.35789,2266000.0,,13825000.0,,2.529,0.51545,,-35.68996,,
NNOX,NANO-X IMAGING LTD,Israel,Medical Devices,Healthcare,7.6285,446434304,,-13.87,44.079216,2.2542849,4.407,10.11,28.476,-6.293,2.002,14.28,5.26,12.33333,14.0,none,-0.31175,10128000.0,-35332752.0,7718000.0,,0.045,-0.81803,,-5.3586497,,
MDAI,"Spectral AI, Inc.",United States,Medical Devices,Healthcare,2.911,60414020,,-4.129078,2.21589,,,0.2,2.158,-7.012,,3.721,0.824,4.93333,8.1,buy,,27264000.0,-7448000.0,8056000.0,,1.376,0.45341998,-0.30777,-0.10840999,-0.40783,
EXAS,Exact Sciences Corporation,United States,Diagnostics & Research,Healthcare,56.93,10536376320,,-726.98254,3.9134817,3.281457,86.625,4.32,4.517,-1072.704,1.272,79.62,40.62,71.85714,95.0,strong_buy,-0.06761,2692327936.0,97261872.0,2781093120.0,,0.128,0.72964996,-0.00421,-0.026099999,-0.0795,
TXG,"10x Genomics, Inc.",United States,Health Information Services,Healthcare,14.44,1748019712,,-23.67213,2.7757668,2.4179504,11.881,3.09,2.263,-10.573,1.873,55.96,12.95,20.28571,30.0,buy,-0.24870001,629742976.0,97398128.0,85876000.0,,-0.013,0.66632,-0.21400999,-0.27355,-0.28988,
TDOC,"Teladoc Health, Inc.",United States,Health Information Services,Healthcare,9.42,1621813248,,-8.662069,0.626277,1.0742388,105.384,3.91,0.752,29.431,0.9,22.54,6.76,10.9,14.0,none,-0.51646,2589609984.0,261994256.0,1588877952.0,,-0.03,0.70815,0.025559999,-0.06302,-0.3791,
SDGR,"Schrodinger, Inc.",United States,Health Information Services,Healthcare,19.3,1406174848,,-7.6217103,7.2727666,3.1280386,26.733,12.33,5.703,-5.19,1.501,36.13,16.67,32.0,50.0,buy,-0.35059,193348000.0,-100358128.0,120144000.0,,-0.171,0.64910007,-1.09883,-1.9388499,-0.91843003,
TLRY,"Tilray Brands, Inc.",Canada,Drug Manufacturers - Specialty & Generic,Healthcare,1.35,1219436160,,-39.70588,1.5017003,0.33979362,11.151,3.99,1.653,43.124,2.188,2.97,1.14,2.17692,4.0,buy,-0.05844,812036992.0,-35786752.0,388420992.0,,0.131,0.30313998,0.03833,-0.14694999,-0.26184,
CGC,Canopy Growth Corporation,Canada,Drug Manufacturers - Specialty & Generic,Healthcare,2.7585,410379264,,-3.6536427,1.4630486,0.5080111,120.376,2.01,2.375,-11.68,1.779,14.92,2.65,3.2432845,4.3041406,underperform,-0.93031,280496000.0,-29273624.0,613520000.0,,-0.095,0.30977,-0.20337,-0.33629,-2.0127401,
ACB,Aurora Cannabis Inc.,Canada,Drug Manufacturers - Specialty & Generic,Healthcare,4.191,229990352,,-12.7,0.77441216,419.1,17.32,5.28,773.517,22286.031,2.697,9.35,2.84,,,buy,-0.05789,296987008.0,-84084000.0,100970000.0,,0.285,0.53117,0.03471,-0.01727,-0.14708,
ENPH,"Enphase Energy, Inc.",United States,Solar,Technology,70.21,9485862912,152.63043,18.222023,7.5872335,10.182741,143.041,4.39,7.238,87.937,1.767,141.63,58.33,95.61778,145.0,buy,0.06312,1250240000.0,280163616.0,1332242048.0,-0.587,-0.309,0.46192002,0.08229999,0.1325,0.04912,1.3097
NVDA,NVIDIA Corporation,United States,Semiconductors,Technology,136.8399,3351209312256,54.086918,30.883234,34.79715,78.46325,17.221,1.01,36.902,58.085,1.657,152.89,47.32,172.80222,220.0,strong_buy,1.23767,96307003392.0,33725874176.0,10014999552.0,1.68,1.224,0.75975996,0.6353,0.62057,0.55041003,0.9854
AVGO,Broadcom Inc.,United States,Semiconductors,Technology,234.94,1101248331776,180.72308,30.874119,23.523409,3.9671738,166.032,3.55,2.214,4.514,1.187,251.88,104.151,237.19081,300.0,strong_buy,0.12509,46814998528.0,25984124928.0,40456998912.0,1.881,0.164,0.74713,0.49040002,0.31765,0.108830005,0.6678
AMD,"Advanced Micro Devices, Inc.",United States,Semiconductors,Technology,122.68,199086325760,108.566376,23.895226,8.194539,3.4940617,3.927,1.51,8.084,43.847,1.706,227.3,117.9,183.16273,250.0,buy,0.03262,24295000064.0,2221374976.0,2238000128.0,1.611,0.176,0.52122,0.18436001,0.10617,0.07516,0.3167
QCOM,QUALCOMM Incorporated,United States,Semiconductors,Technology,154.595,171755061248,17.31187,12.592482,4.4082713,6.54897,58.765,2.78,4.463,14.54,1.286,230.63,134.94,204.70387,270.0,buy,0.42253,38961999872.0,8920500224.0,15440000000.0,0.941,0.187,0.56214,0.30694,0.2625,0.2603,1.5268
ARM,Arm Holdings plc,United Kingdom,Semiconductors,Technology,125.595,132000350208,209.325,61.100433,37.340977,21.957169,4.375,2.74,36.842,250.455,,188.75,65.11,145.2794,200.0,buy,0.11887,3535000064.0,646687488.0,263000000.0,,0.047,0.95983005,0.1471,0.075830005,0.18133,1.1982
MRVL,"Marvell Technology, Inc.",United States,Semiconductors,Technology,111.37,96368459776,,40.33771,18.255405,6.499183,30.791,1.92,16.413,86.947,1.436,126.15,53.19,120.90706,160.0,strong_buy,-0.06528,5278900224.0,1530225024.0,4373899776.0,,-0.051,0.44151002,0.18877001,-0.075729996,-0.18297,
MU,"Micron Technology, Inc.",United States,Semiconductors,Technology,85.645,95423086592,24.540113,6.672884,3.8000515,2.1045582,31.194,2.09,4.825,13.548,1.179,157.54,79.15,131.7403,250.0,buy,0.01743,25110999040.0,363500000.0,14078000128.0,,0.933,0.22353001,0.35618,0.19703,0.03098,0.2167
INTC,Intel Corporation,United States,Semiconductors,Technology,20.16,86950076416,,20.625095,1.6028551,0.872765,47.906,1.37,2.156,11.205,1.026,50.3,18.51,24.32824,31.0,hold,-0.15597,54246998016.0,-9374624768.0,50235998208.0,,-0.062,0.40069,0.19243,-0.0104600005,-0.29423,0.5353
ALAB,"Astera Labs, Inc.",United States,Semiconductors,Technology,135.17,21439449088,,115.70495,70.13048,24.09018,,1.71,67.878,-198.63,,147.36,36.215,106.46154,142.0,buy,,305708000.0,,,,2.062,0.77615,-0.34173,-0.07867,-0.30686,
LAES,SEALSQ Corp,Switzerland,Semiconductors,Technology,7.73,607204608,,,30.156673,44.682083,375.842,0.3,12.906,-21.34,,11.0,0.29,1.75,1.75,none,-5.7440505,20135000.0,-4457763.0,19634000.0,,-0.673,0.37939,-0.60479,-1.8413401,-0.65314,
VLN,Valens Semiconductor Ltd.,Israel,Semiconductors,Technology,2.9211,310746592,,-29.210999,4.9220166,2.1121473,4.37,0.27,2.691,-5.345,0.419,3.39,1.67,4.0,5.0,none,-0.17375,63134000.0,346000.0,6423000.0,,0.132,0.59763,-0.50336,-0.74628997,-0.41936,
QNCCF,Quantum eMotion Corp.,Canada,Semiconductors,Technology,1.19,179096192,,,,119.00001,,,,,,1.28,0.0334,,,none,,,,,,,,,,,
ANET,"Arista Networks, Inc.",United States,Computer Hardware,Technology,111.12,139984535552,53.42308,45.201603,21.167612,3.783968,0.755,1.64,4.195,9.791,1.077,116.94,56.65,108.48424,125.0,buy,0.33833998,6613147136.0,2425385728.0,69800000.0,0.355,0.2,0.6441,0.42844,0.43362,0.40293998,2.5889
PSTG,"Pure Storage, Inc.",United States,Computer Hardware,Technology,62.087,20255076352,159.19745,35.06215,6.7295003,15.619372,19.292,3.27,5.317,56.799,1.103,70.41,34.32,71.78333,93.0,buy,0.111899994,3009893120.0,563358848.0,280348000.0,,0.109,0.71665,0.09362,0.03257,0.04535,1.8232
SMCI,"Super Micro Computer, Inc.",United States,Computer Hardware,Technology,30.95,18123237376,15.39801,8.389057,1.2128364,3.3208156,39.749,0.79,1.239,14.188,1.279,122.9,17.25,41.92818,93.0,hold,0.32469,14942854144.0,-2834003456.0,2174145024.0,0.61,1.43,0.14132,0.08731,0.06469,0.08085,
IONQ,"IonQ, Inc.",United States,Computer Hardware,Technology,43.1743,9342573568,,-88.11082,249.34142,21.405207,4.201,1.06,246.513,-47.454,1.89,48.56,6.22,36.0,50.0,buy,-0.36728,37469000.0,-51405000.0,18303000.0,,1.021,0.50324,,-4.28508,,
RGTI,"Rigetti Computing, Inc.",United States,Computer Hardware,Technology,17.665,4947065856,,-88.325005,415.99948,27.601564,18.309,0.35,268.999,-52.422,2.138,19.35,0.66,3.5,5.5,strong_buy,-0.51458,11892000.0,-41299500.0,22490000.0,,-0.234,0.60629004,,-7.29437,,
QBTS,D-Wave Quantum Inc.,Canada,Computer Hardware,Technology,9.1601,2465459200,,-32.71464,243.71878,,,2.59,40.354,-5.803,0.946,11.41,0.681,5.54167,9.0,strong_buy,,10116000.0,-35324876.0,72409000.0,,0.279,0.6468,,-8.62987,,
QUBT,Quantum Computing Inc.,United States,Computer Hardware,Technology,17.5246,2260007424,,-83.45048,5854.9414,27.382187,12.924,0.23,4771.529,-90.9,1.634,27.15,0.355,8.5,8.5,none,-0.33783,386000.0,-10711687.0,7811000.0,,1.02,0.22798,,-53.841583,,
RCAT,"Red Cat Holdings, Inc.",United States,Computer Hardware,Technology,13.4225,1075958272,,-671.125,57.03527,22.905289,6.382,1.18,41.472,-43.017,-0.384,14.91,0.563,13.5,15.0,strong_buy,-0.68767,18864788.0,-2009257.0,2071159.0,,0.588,0.16022,-0.96409,-2.7496302,-1.62377,
QMCO,Quantum Corporation,United States,Computer Hardware,Technology,56.82,275490624,,-27.251799,0.9485024,,,4.64,0.395,-3.815,2.764,90.64,2.22,5.0,5.0,none,,290448000.0,11527250.0,116747000.0,,-0.229,0.39726,-0.10356,-0.23174,-0.18235001,
AAPL,Apple Inc.,United States,Consumer Electronics,Technology,251.68,3804344352768,41.394737,30.291615,9.72891,66.81178,209.059,3.67,9.887,28.71,1.24,260.1,164.08,246.85358,325.0,buy,1.5741299,391034994688.0,110846001152.0,119058997248.0,-0.341,0.061,0.46206,0.34437,0.31171,0.23971,2.306
KULR,"KULR Technology Group, Inc.",United States,Electronic Components,Technology,3.6,861404416,,-65.454544,90.14309,,63.597,3.58,7.888,-4.311,0.862,5.49,0.1,4.21667,7.0,strong_buy,-5.92582,9555967.0,-3230978.0,2439012.0,,-0.098,0.32479,-1.82967,-2.1904,-2.26613,
CRM,"Salesforce, Inc.",United States,Software - Application,Technology,335.72,321284046848,55.217106,29.90126,8.810751,5.465349,21.148,2.69,8.677,33.858,1.288,369.0,212.0,395.75555,442.0,buy,0.09734,36465000448.0,12935749632.0,12188000256.0,0.148,0.084,0.7635,0.25627002,0.20181999,0.15445,1.5104
NOW,"ServiceNow, Inc.",United States,Software - Application,Technology,1061.4314,218991329280,165.58992,63.94481,20.92807,23.572697,24.166,2.83,20.76,119.098,0.986,1157.9,637.99,1067.0294,1300.0,buy,0.16221,10464000000.0,3431500032.0,2244999936.0,0.769,0.222,0.79243,0.17431,0.14945,0.12768,2.8885
SHOP,Shopify Inc.,Canada,Software - Application,Technology,105.84,136321916928,98.91588,69.76836,16.600332,13.512064,11.277,1.98,16.33,107.194,2.365,120.72,48.56,118.86068,145.0,buy,0.15031,8211999744.0,861124992.0,1140999936.0,0.164,0.261,0.50925,0.15234,0.15772,0.16841,
UBER,"Uber Technologies, Inc.",United States,Software - Application,Technology,60.57,127542853632,29.837439,19.168388,3.0399916,8.623291,80.343,2.27,3.193,38.882,1.337,87.0,54.84,90.0346,120.0,buy,0.34326,41955000320.0,3871000064.0,13287999488.0,11.205,0.204,0.32714,0.08211,0.09483,0.10492,0.6433
APP,Applovin Corporation,United States,Software - Application,Technology,324.81,109003636736,98.72644,46.21183,25.410372,116.128,374.12,2.35,26.923,58.448,1.862,417.635,37.4,338.6,480.0,buy,1.1335399,4289730048.0,1446285312.0,3510019072.0,3.127,0.386,0.73892,0.46063,0.44643003,0.26874,2.3076
MSTR,MicroStrategy Incorporated,United States,Software - Application,Technology,307.19,75402551296,,-13652.889,161.3776,16.49608,113.152,0.64,140.434,-75.557,3.062,543.0,43.874,518.6789,650.0,strong_buy,-0.17629999,467243008.0,-5667349504.0,4269953024.0,,-0.103,0.73564005,-1.8586501,-3.72687,-0.87047994,
WDAY,"Workday, Inc.",United States,Software - Application,Technology,261.1,69452603392,42.94408,31.180775,8.832838,8.524323,40.312,2.79,8.596,106.276,1.352,311.28,199.81,292.2986,350.0,buy,0.21080999,7863000064.0,2106953984.0,3364000000.0,0.661,0.167,0.75773,0.08089,0.053239997,0.19598,2.2111
TTD,"The Trade Desk, Inc.",United States,Software - Application,Technology,118.18,58330578944,190.6129,60.427258,25.25553,22.21011,11.167,2.52,25.058,129.704,1.47,141.53,61.475,130.9375,160.0,buy,0.12891,2309616128.0,542195968.0,293212992.0,1.375,0.273,0.8106,0.19319001,0.17274,0.13343,2.3631
SNOW,Snowflake Inc.,United States,Software - Application,Technology,154.626,51037560832,,155.96262,15.917382,9.968154,7.56,2.42,12.591,-35.724,0.828,237.72,107.13,184.1218,225.0,buy,-0.21624,3206404096.0,1212240640.0,312812000.0,,0.289,0.67835,-0.35246,-0.40895,-0.31733,6.9907
DDOG,"Datadog, Inc.",United States,Software - Application,Technology,143.87,48875945984,261.58182,72.61797,19.27135,18.52801,36.865,2.48,18.432,403.52,1.095,170.08,98.8,159.88,230.0,strong_buy,0.08663999,2536197120.0,666849152.0,969244032.0,1.333,0.26,0.81242996,0.045679998,0.02939,0.07576,0.9092
GRAB,Grab Holdings Limited,Singapore,Software - Application,Technology,4.73,19047710720,,98.89191,7.091478,2.9955668,5.1,2.12,5.117,-196.336,0.809,5.72,2.9,5.52376,8.0,buy,-0.02476,2686000128.0,1162625024.0,328000000.0,,0.164,0.41623002,-0.02606,-0.04888,-0.03574,
MNDY,monday.com Ltd.,Israel,Software - Application,Technology,232.99,11616602112,554.7381,63.231915,12.813526,12.028394,9.379,3.39,11.581,-454.15,1.299,324.99,170.0,319.5361,355.0,buy,0.025039999,906588992.0,239595632.0,91077000.0,,0.327,0.89455,-0.0255,-0.10917,0.02394,2.4107
SOUN,"SoundHound AI, Inc.",United States,Software - Application,Technology,21.455,7932986368,,-126.20588,117.88024,26.751871,14.812,0.95,123.247,-97.743,3.035,24.98,1.62,12.35714,26.0,buy,-0.68393,67297000.0,-6608500.0,43841000.0,,0.891,0.6068,-1.2609301,-1.39966,-1.6358099,
LYFT,"Lyft, Inc.",United States,Software - Application,Technology,13.0575,5416472576,,12.228298,0.9919691,8.259013,189.385,3.6,0.866,-369.31,2.041,20.82,8.925,19.46135,26.0,buy,-0.1161,5460323840.0,649130368.0,1241944064.0,,0.315,0.33877,-0.00234,-0.01334,-0.01195,1.8666
AI,"C3.ai, Inc.",United States,Software - Application,Technology,35.38,4566319616,,-69.71841,14.03152,5.0113316,0.585,7.99,13.942,-14.859,1.789,45.08,18.85,36.15385,56.0,hold,-0.30781,325432992.0,4091125.0,5122000.0,,0.205,0.58438,-0.9383,-0.83228,-0.85475,
BRZE,"Braze, Inc.",United States,Software - Application,Technology,42.08,4354649088,,141.91765,8.126301,9.492443,19.372,2.89,7.236,-29.285,1.027,61.53,29.18,52.5,75.0,buy,-0.26466998,535871008.0,83502872.0,87887000.0,,0.264,0.68773,-0.2471,-0.19209999,-0.21956,5.0321
KC,Kingsoft Cloud Holdings Limited,China,Software - Application,Technology,11.29,2815624448,,-4.381811,0.401365,0.3891225,57.057,1.78,4.083,-105.169,1.998,12.84,2.02,6.8819904,12.449993,buy,-0.23934,7015121920.0,-2197957120.0,3823853056.0,,0.031,0.15123999,-0.03882,-0.14671999,-0.25410998,
FSLY,"Fastly, Inc.",United States,Software - Application,Technology,9.565,1341969408,,250.58946,2.481113,1.3820256,42.684,2.5,2.644,-13.996,1.231,25.87,5.52,8.16667,15.0,hold,-0.15331,540873984.0,36610500.0,413801984.0,,0.073,0.54846,-0.1889,-0.22092,-0.27466,
OLO,Olo Inc.,United States,Software - Application,Technology,7.7,1260258944,,27.665,4.635486,1.8849448,2.206,1.78,3.403,-40.642,1.262,8.18,4.2,8.7,10.0,none,-0.02399,271872000.0,22159376.0,14711000.0,,0.243,0.56115,-0.083739996,-0.085839994,-0.05888,
CSCO,"Cisco Systems, Inc.",United States,Communication Equipment,Technology,59.195,235759468544,25.40558,15.045267,4.450307,5.2163377,70.647,2.81,4.709,18.142,,60.23,44.5,62.49542,78.0,buy,0.20761,52976001024.0,12193874944.0,31986999296.0,-0.237,-0.056,0.64919996,0.25959,0.17036,0.17731,2.6621
ASTS,"AST SpaceMobile, Inc.",United States,Communication Equipment,Technology,21.73,6295941632,,-29.890781,4497.101,19.790527,87.763,3.65,2916.853,-25.622,1.635,39.08,1.97,35.94,53.0,none,-1.03515,1400000.0,-190052992.0,212272992.0,,,1.0,,-69.99222,,
MSFT,Microsoft Corporation,United States,Software - Infrastructure,Technology,424.5988,3156841070592,35.061832,28.276329,12.419218,10.97353,33.657,2.78,12.498,23.266,0.904,468.35,366.5,508.5454,650.0,strong_buy,0.35604,254189993984.0,61280874496.0,96838000640.0,0.104,0.16,0.69348997,0.53720003,0.46583998,0.35608003,2.2301
ORCL,Oracle Corporation,United States,Software - Infrastructure,Technology,166.25,464994598912,40.64792,23.566853,8.640613,52.627415,749.978,3.47,11.183,27.601,1.013,198.31,101.74,196.55232,220.0,buy,1.55578,53815001088.0,10339500032.0,84514996224.0,0.198,0.069,0.71310997,0.40515,0.30517998,0.20396,1.8003
ADBE,Adobe Inc.,United States,Software - Infrastructure,Technology,445.155,195957227520,36.044937,19.304783,9.354907,13.61955,41.788,2.21,11.488,29.585,1.299,638.25,432.47,585.99945,700.0,buy,0.35355,20946999296.0,6618500096.0,6078000128.0,0.233,0.106,0.88657,0.38831002,0.36834,0.25588,1.4587
PLTR,Palantir Technologies Inc.,United States,Software - Infrastructure,Technology,76.5548,174393376768,382.77402,161.20872,65.89989,38.625027,5.552,0.95,64.845,431.476,2.697,84.797,15.664,43.89556,80.0,hold,0.12409,2646338048.0,784283520.0,254915008.0,1.0,0.3,0.81101996,0.15029,0.15594,0.18009001,3.3085
PANW,"Palo Alto Networks, Inc.",United States,Software - Infrastructure,Technology,183.7416,120571232256,47.72509,50.639698,15.0197735,11.554622,27.28,4.75,15.79,115.823,1.118,207.24,130.045,204.24408,240.0,buy,0.74517995,8027500032.0,2498700032.0,1410300032.0,0.591,0.121,0.74347997,0.13633001,0.119799994,0.3211,2.051
CRWD,"CrowdStrike Holdings, Inc.",United States,Software - Infrastructure,Technology,347.31,85546278912,667.9039,79.08868,24.32879,36.459164,27.398,2.58,24.484,459.175,1.102,398.327,200.81,376.1309,540.0,buy,0.07334,3516257024.0,1209105920.0,791972992.0,5.333,0.317,0.75372005,0.053319998,0.01417,0.0484,1.5735
FTNT,"Fortinet, Inc.",United States,Software - Infrastructure,Technology,94.8245,72678522880,47.6505,39.150997,12.726505,79.95321,118.588,3.2,12.308,40.679,0.995,100.59,54.57,96.63703,115.0,buy,3.1152499,5710799872.0,1648400000.0,1076899968.0,0.707,0.13,0.79705,0.30257,0.31152,0.26790002,1.6456
SQ,"Block, Inc.",United States,Software - Infrastructure,Technology,87.15,54016790528,52.18563,18.99028,2.26376,2.6965563,37.215,1.21,2.211,41.329,2.479,99.26,55.0,97.10805,125.0,buy,0.05426,23861534720.0,1086812928.0,7409195008.0,,0.064,0.36352003,0.0535,0.056799997,0.04414,0.5137
NET,"Cloudflare, Inc.",United States,Software - Infrastructure,Technology,107.885,37025484800,,126.30242,23.550816,38.027847,149.085,2.75,23.563,-855.254,1.097,119.42,66.24,97.822,136.0,buy,-0.1122,1572152960.0,358770112.0,1450733952.0,,0.282,0.77528,-0.02755,-0.0716,-0.05967,
ZS,"Zscaler, Inc.",United States,Software - Infrastructure,Technology,182.805,28049416192,,51.058144,12.93929,21.879713,97.464,2.86,14.129,-339.415,0.814,259.61,153.45,225.76707,270.0,buy,-0.057729997,2167770880.0,687710400.0,1241794048.0,,0.303,0.78080004,-0.04163,-0.04546,-0.026619999,3.2355
IOT,Samsara Inc.,United States,Software - Infrastructure,Technology,43.915,24645011456,,155.77667,22.512287,26.202269,9.091,5.34,27.484,-139.358,1.521,57.51,27.14,54.35353,64.0,buy,-0.27858,1094736000.0,184970880.0,87698000.0,,0.369,0.75099,-0.19722,-0.19385,-0.24189,
AFRM,"Affirm Holdings, Inc.",United States,Software - Infrastructure,Technology,61.986,19248510976,,-278.58878,7.6233807,6.863692,251.092,1.66,9.859,-85.321,3.477,73.34,22.25,60.67222,82.0,buy,-0.16519,2524931072.0,118980128.0,7119907840.0,,0.407,0.42266998,-0.115559995,-0.19024,-0.17672001,
MDB,"MongoDB, Inc.",United States,Software - Infrastructure,Technology,234.11,18760077312,,70.24466,10.309944,15.930185,89.869,3.08,11.238,-77.38,1.153,509.62,212.74,379.29968,520.0,buy,-0.19561,1819609984.0,290878752.0,1224952960.0,,0.128,0.74025,-0.14523,-0.14942001,-0.12084,
NTNX,"Nutanix, Inc.",United States,Software - Infrastructure,Technology,61.06,16359684096,,32.739773,7.6133485,,,3.34,8.79,197.501,1.171,75.8,43.35,82.36067,90.0,buy,,2148815872.0,334252384.0,695214976.0,,0.109,0.84935,0.044510003,0.007900001,-0.05807,2.022
CYBR,CyberArk Software Ltd.,Israel,Software - Infrastructure,Technology,317.13,15631845376,1093.5518,83.45527,17.188013,11.161833,43.508,1.54,14.186,-395.83,1.127,333.32,205.59,348.692,400.0,strong_buy,0.01288,909462016.0,-69083504.0,535377984.0,,0.256,0.81066,-0.03584,-0.04619,0.01382,4.4144
OKTA,"Okta, Inc.",United States,Software - Infrastructure,Technology,79.77,13668987904,,27.24627,5.574628,2.264199,19.892,1.53,5.196,-87.872,1.013,114.5,70.56,103.58108,140.0,buy,-0.0231,2452000000.0,764750016.0,1220000000.0,,0.162,0.75816,-0.05914,-0.029409999,-0.05546,1.0872
RBRK,"Rubrik, Inc.",United States,Software - Infrastructure,Technology,66.13,12250184704,,-51.83536,16.715061,,,3.22,16.91,-12.143,,75.79,28.34,72.84211,83.0,strong_buy,,732883008.0,390161120.0,316908992.0,,0.353,0.69323,-1.39263,-0.82114,-1.49108,
GTLB,GitLab Inc.,United States,Software - Infrastructure,Technology,55.985,9086365696,,68.970825,13.65923,15.444139,0.047,3.33,14.374,-58.729,0.447,78.53,40.72,80.08929,90.0,strong_buy,-0.48253,665217984.0,387232992.0,324000.0,,0.308,0.89294,-0.24475001,-0.22036,-0.54617,
S,"SentinelOne, Inc.",United States,Software - Infrastructure,Technology,22.47,7220554752,,114.45016,9.978213,4.294725,1.232,3.16,11.622,-29.695,0.652,30.76,14.33,29.81867,35.0,buy,-0.17473,723632000.0,143877504.0,20127000.0,,0.331,0.73347,-0.39138,-0.39751998,-0.38911,
PATH,"UiPath, Inc.",United States,Software - Infrastructure,Technology,12.635,6944183296,,24.919138,5.0227757,3.5671937,4.505,4.05,4.746,-40.454,0.87,27.87,10.37,15.72722,19.0,hold,-0.058920003,1382539008.0,425849760.0,82604000.0,,0.101,0.84033996,-0.11731,-0.28691,-0.08134,0.8089
RPD,"Rapid7, Inc.",United States,Software - Infrastructure,Technology,40.23,2542801408,57.471428,17.213861,3.0525312,,,3.95,3.802,35.258,0.964,61.877,32.945,43.4119,55.0,none,,833014016.0,156435872.0,1021582016.0,,0.08,0.70647,0.10782,0.06639,0.05649,
RZLV,Rezolve AI Limited,United Kingdom,Software - Infrastructure,Technology,4.52,800867200,,,,,,,,,,14.5,1.57,4.66667,5.0,strong_buy,,,,,,,,,,,
ARQQ,Arqit Quantum Inc.,United Kingdom,Software - Infrastructure,Technology,44.0001,550177216,,-22.00005,743.4827,19.08898,50.088,1.0,199.112,-2.381,1.172,52.79,3.72,52.0,52.0,none,-1.6208299,740000.0,-41057000.0,7679000.0,,5.263,-1.78784,,-173.2521,,
INTZ,Intrusion Inc.,United States,Software - Infrastructure,Technology,4.5045,39246580,,-5.926974,7.2343926,,78.46,1.2,2.657,-1.825,0.515,7.34,0.35,6.0,11.0,none,,5425000.0,-6816250.0,2313000.0,,-0.005,0.78065,-1.45604,-1.3924699,-1.80848,
IBM,International Business Machines,United States,Information Technology Services,Technology,219.7,203144495104,32.072994,20.434395,3.246157,8.30938,245.112,5.54,3.997,17.045,0.71,239.35,157.89,217.12354,260.0,hold,0.26729,62579998720.0,10412125184.0,60125999104.0,,0.015,0.56534,0.23452,0.14130999,0.10222,7.2935
PSN,Parsons Corporation,United States,Information Technology Services,Technology,92.46,9818327040,132.08571,23.677336,1.5080792,4.246349,58.304,2.83,1.658,18.444,0.796,114.68,61.355,121.712,130.0,strong_buy,0.05673,6510484992.0,411657888.0,1407700992.0,0.554,0.276,0.21563,0.08989,0.06513,0.01208,
APLD,Applied Digital Corporation,United States,Information Technology Services,Technology,7.875,1663562240,,-27.391304,8.757619,5.126953,143.294,2.3,11.262,141.973,4.517,11.25,2.36,11.625,15.0,strong_buy,-0.66862,189956000.0,-24416250.0,425767008.0,,0.671,0.03041,0.07932,-0.24211,-0.74811,
BBAI,"BigBear.ai, Inc.",United States,Information Technology Services,Technology,4.897,1227119616,,-24.484999,7.918331,12.428934,209.422,0.55,8.685,-44.913,3.182,5.2,1.165,3.625,7.0,buy,-7.38193,154972000.0,-19889750.0,206140000.0,,0.221,0.26993,-0.19336,-0.19827,-1.09901,
BKSY,BlackSky Technology Inc.,United States,Scientific & Technical Instruments,Technology,11.15,343184736,,-9.759299,3.2004247,3.082665,95.943,1.66,3.535,264.342,0.919,14.16,3.86,12.85714,18.0,strong_buy,-0.41092,107231000.0,-34182500.0,105794000.0,,0.061,0.69622004,0.01337,-0.58672,-0.38782,
DQ,DAQO New Energy Corp.,China,Semiconductor Equipment & Materials,Technology,19.425,1277387904,,59.76923,0.97509116,0.27370334,,3.78,4.377,580.724,0.321,30.85,13.62,25.73222,35.54,none,-0.020280002,1310018944.0,-583803136.0,,,-0.591,-0.04616,0.00754,-0.49391997,-0.08527,
HON,Honeywell International Inc.,United States,Conglomerates,Industrials,226.4218,147230097408,26.145704,20.544765,3.8898306,8.458674,177.821,2.39,4.464,18.439,1.025,242.77,189.66,246.80826,300.0,buy,0.31865,37850001408.0,3810625024.0,31974000640.0,-0.048,0.056,0.37598,0.24211,0.2207,0.15015,1.89
GE,GE Aerospace,United States,Aerospace & Defense,Industrials,167.2195,180979990528,32.917225,31.671139,2.5871654,9.588824,110.224,2.47,2.683,21.003,1.188,194.8,98.68316,210.71294,235.0,strong_buy,0.22552,69953003520.0,4729375232.0,21056000000.0,6.064,0.058,0.23028,0.12773,0.18247999,0.08926,1.9183
RTX,RTX Corporation,United States,Aerospace & Defense,Industrials,115.63,153905840128,33.322765,19.040264,1.94714,2.518349,69.597,2.6,2.431,15.287,0.54,128.7,83.96,135.505,157.0,buy,0.073460005,79042002944.0,8071000064.0,43747999744.0,,0.492,0.19305,0.15904,0.11991999,0.05969,0.8611
RKLB,"Rocket Lab USA, Inc.",United States,Aerospace & Defense,Industrials,26.19,13092669440,,-146.34557,35.986965,31.178574,112.065,1.62,36.243,-85.587,1.3,28.8,3.47,23.27273,30.0,buy,-0.37453997,363816992.0,-65306500.0,470486016.0,,0.549,0.26064,-0.42346,-0.49518,-0.51764,
ACHR,Archer Aviation Inc.,United States,Aerospace & Defense,Industrials,10.17,5101688832,,-13.717292,,9.237058,16.784,1.61,,-7.993,2.295,11.69,2.821,10.66667,15.0,buy,-1.07618,,-295375008.0,78500000.0,,,,,,,
AVAV,"AeroVironment, Inc.",United States,Aerospace & Defense,Industrials,155.4516,4384419328,90.907364,36.851456,5.8159904,5.2777753,5.594,4.79,7.269,50.71,0.488,236.6,116.51,230.736,245.0,strong_buy,0.083009996,753856000.0,38952624.0,47302000.0,-0.106,0.244,0.39761,0.14335,0.121549994,0.07818,
LUNR,"Intuitive Machines, Inc.",United States,Aerospace & Defense,Industrials,18.635,1725778176,,-186.35,10.938708,,,1.72,5.541,-14.544,0.352,19.62,2.089,16.7,20.0,strong_buy,,157768000.0,-90598872.0,37438000.0,-0.81,1.301,-0.095769994,-0.38096002,-0.6804,-0.54982,
PL,Planet Labs PBC,United States,Aerospace & Defense,Industrials,4.1929,1244071168,,-58.323833,5.276765,2.3410945,5.066,1.67,3.861,-10.261,0.97,4.99,1.67,4.6,5.0,buy,-0.26865998,235764000.0,-31341624.0,23973000.0,,0.136,0.52789,-0.37632,-0.47597,-0.57706,
RDW,Redwire Corporation,United States,Aerospace & Defense,Industrials,17.66,1175112320,,-103.882355,3.942986,,1125.88,5.36,4.625,-103.738,1.936,18.28,2.68,12.75,18.0,none,-1.60528,298025984.0,23536624.0,138212992.0,,0.096,0.16966,-0.04458,-0.10767999,-0.186,
SIDU,"Sidus Space, Inc.",United States,Aerospace & Defense,Industrials,5.38,77248192,,-7.369863,17.937689,0.8171325,24.207,1.5,1.566,-0.516,-0.649,18.85,1.15,10.0,10.0,strong_buy,-1.19639,4306474.0,-16780830.0,3172118.0,,-0.323,-0.12059,,-4.20229,,
LLAP,Terran Orbital Corporation,United States,Aerospace & Defense,Industrials,0.25,51215500,,-0.54347825,0.3847694,,,1.83,1.799,-2.478,1.953,1.615,0.228,0.33,0.5,hold,,133107000.0,6606750.0,219026000.0,,-0.057,0.04375,-0.72619003,-0.84632003,-1.18619,
PONY,Pony AI Inc.,China,Rental & Leasing Services,Industrials,15.45,5391462400,,-45.459896,63.93215,,0.768,0.13,27.942,-18.652,,16.32,11.9,18.8,19.6,strong_buy,-0.16715,84331000.0,-99587624.0,4982000.0,,1.012,0.2282,-1.49808,-2.90121,-1.26615,
SPIR,"Spire Global, Inc.",United States,Specialty Business Services,Industrials,14.39,349930272,,-102.78571,3.2635746,4.1020527,153.474,4.52,3.872,-18.551,1.969,19.4,6.26,19.6,24.0,none,-0.79866,107223000.0,-27820000.0,130929000.0,,0.063,0.58386004,-0.20872,-0.54897,-0.6672,
BE,Bloom Energy Corporation,United States,Electrical Equipment & Parts,Industrials,22.335,5105244672,,53.144405,4.0570006,11.842524,372.925,3.3,5.062,-183.696,2.705,28.7,8.412,22.72,33.0,none,-0.26712,1258379008.0,-304415744.0,1696779008.0,,-0.175,0.2156,-0.027560001,-0.02921,-0.102919996,2.3695
SMR,NuScale Power Corporation,United States,Specialty Industrial Machinery,Industrials,18.1399,2193077760,,-28.219254,297.12476,11.09474,2.315,1.73,219.007,-8.252,1.127,32.3,1.88,18.41667,29.0,none,-1.66448,7381000.0,-90643752.0,2086000.0,,-0.932,0.22504,,-86.35579,,
NNE,Nano Nuclear Energy Inc.,United States,Specialty Industrial Machinery,Industrials,24.4406,894447744,,-24.4406,,54.55491,15.156,0.72,,,,37.51,3.25,58.0,66.0,none,,,,1970791.0,,,,,,,
SERV,Serve Robotics Inc.,United States,Specialty Industrial Machinery,Industrials,14.677,650164672,,-29.354,387.15027,11.135812,2.873,0.34,370.228,-21.033,,30.0,1.77,15.0,16.0,none,-1.13196,1679360.0,-11480492.0,1613651.0,,2.541,0.13369,,-38.11728,,
RR,Richtech Robotics Inc.,United States,Specialty Industrial Machinery,Industrials,3.05,290994688,,,31.942337,23.461538,32.922,0.76,29.681,-206.094,,12.29,0.302,,,none,-0.51443,9110000.0,-1358750.0,2989000.0,,0.102,0.71075994,-0.14402,-0.62024,-0.32678002,
NKLA,Nikola Corporation,United States,Farm & Heavy Construction Machinery,Industrials,1.3305,112384408,,-0.19174398,1.4879637,0.19395043,93.032,2.17,2.912,-0.441,2.075,34.5,1.08,12.40001,30.00003,none,-1.2917501,75529000.0,-411214112.0,352822016.0,,,-2.81322,,-5.77308,,
QS,QuantumScape Corporation,United States,Auto Parts,Consumer Cyclical,5.465,2800654080,,-6.867821,,2.5207565,8.61,5.32,,-4.395,4.601,10.03,4.65,6.14444,10.0,none,-0.37772,,-173987744.0,95620000.0,,,,,,,
AMZN,"Amazon.com, Inc.",United States,Internet Retail,Consumer Cyclical,221.59,2330018971648,47.449677,35.900543,3.7573195,8.987629,61.175,2.09,3.866,21.486,1.146,233.0,144.05,240.38594,285.0,strong_buy,0.22558,620127977472.0,54328250368.0,158534991872.0,0.521,0.11,0.48406,0.17994,0.109589994,0.080419995,1.8143
BABA,Alibaba Group Holding Limited,China,Internet Retail,Consumer Cyclical,85.0149,203342888960,17.637945,1.2012079,0.21398929,0.2097176,22.796,2.58,1.715,9.229,0.349,117.82,66.63,121.22142,144.47842,buy,0.05668,950248013824.0,142874492928.0,240122003456.0,-0.257,0.039,0.37902,0.18584,0.16089001,0.07383,0.557
JD,"JD.com, Inc.",China,Internet Retail,Consumer Cyclical,34.985,57079775232,11.358767,1.1066307,0.051645577,0.23672104,29.932,1.82,0.044,1.151,0.417,47.82,20.82,48.76798,69.37757,strong_buy,0.108109996,1105220993024.0,33809625088.0,86189998080.0,0.966,0.012,0.09177,0.03861,0.03604,0.02814,1.2717
CHPT,"ChargePoint Holdings, Inc.",United States,Specialty Retail,Consumer Cyclical,1.13,499845312,,-5.6726904,1.131645,1.4524422,131.135,10.76,1.327,-1.837,1.699,2.44,1.05,2.10417,4.0,hold,-1.55555,441697984.0,-84470128.0,302776992.0,,-0.279,0.11156999,-0.72213,-0.5781,-0.89119005,
TSLA,"Tesla, Inc.",United States,Auto Manufacturers,Consumer Cyclical,420.29,1349156208640,115.78237,128.8652,13.887351,19.274054,18.078,0.95,13.585,99.655,2.295,488.54,138.8,283.8769,528.0,hold,0.20389,97150001152.0,676625024.0,12782999552.0,0.17,0.078,0.18229,0.13633001,0.107889995,0.13075,5.0632
BYDDY,"BYD Co., Ltd.",China,Auto Manufacturers,Consumer Cyclical,67.92,107672215552,21.291534,15.648111,0.15780963,1.2710532,29.263,,0.25,1.728,0.455,83.67,43.62,88.0,88.0,none,0.22760999,682291822592.0,-5663652864.0,49396023296.0,0.117,0.24,0.20557,0.14455,0.07796,0.0497,0.6707
RIVN,"Rivian Automotive, Inc.",United States,Auto Manufacturers,Consumer Cyclical,14.0208,14310609920,,-5.2958236,3.1444979,2.4265835,102.458,2.84,2.893,-2.909,2.045,21.94,8.26,15.03333,23.0,buy,-0.67157,4551000064.0,-3819375104.0,6044000256.0,,-0.346,-0.43418998,-0.99450994,-1.33753,-1.2138,
XPEV,XPeng Inc.,China,Auto Manufacturers,Consumer Cyclical,12.3775,11841404928,,-3.0023527,0.3267545,0.32095164,41.219,2.14,0.288,-1.619,2.79,15.679,6.551,14.335143,18.001863,buy,-0.23656,36239454208.0,,14016603136.0,,0.602,0.07293,-0.17797,-0.20041999,-0.21763,
LCID,"Lucid Group, Inc.",United States,Auto Manufacturers,Consumer Cyclical,3.24,9757875200,,-3.5885963,13.35762,2.8222997,64.218,3.22,12.976,-3.469,1.122,4.43,1.93,2.823,4.18,none,-0.6493,730510016.0,-1916945792.0,2404252928.0,,0.452,-1.32401,,-3.85158,,
NIO,NIO Inc.,China,Auto Manufacturers,Consumer Cyclical,4.51,9716254720,,-0.5959657,0.15295328,0.36289024,159.892,2.42,0.174,-0.599,1.903,8.94,3.61,6.314222,12.407657,buy,-1.04785,63524331520.0,,33123946496.0,,0.989,0.078379996,-0.28991,-0.29860002,-0.32437,
NKE,"Nike, Inc.",United States,Footwear & Accessories,Consumer Cyclical,75.74,112738983936,23.376543,28.80768,2.2542386,7.8887615,86.962,2.36,2.331,16.192,1.035,107.85,70.75,86.47971,120.0,buy,0.3798,50012000256.0,6571749888.0,12126000128.0,-0.255,-0.104,0.44965,0.14399,0.104320005,0.10599,3.8886
WMT,Walmart Inc.,United States,Discount Stores,Consumer Defensive,90.53,727262822400,37.40909,32.848568,1.0935707,8.694776,69.566,2.59,1.108,18.062,0.516,96.18,51.86667,98.48237,115.0,buy,0.18531999,665035014144.0,7701374976.0,63146000384.0,-0.423,0.048,0.24628,0.06132,0.04689,0.02339,2.7233
COST,Costco Wholesale Corporation,United States,Discount Stores,Consumer Defensive,916.2431,406719397888,53.7071,45.828102,1.5984067,17.187723,42.118,3.48,1.716,37.904,0.789,1008.25,640.51,1024.2355,1175.0,buy,0.30267,254453006336.0,4467500032.0,9948999680.0,0.088,0.01,0.12613,0.04528,0.03817,0.02895,5.5351
KO,Coca-Cola Company (The),United States,Beverages - Non-Alcoholic,Consumer Defensive,62.205,267966709760,25.811203,20.922043,5.77938,10.109703,167.358,1.8,6.423,20.08,0.62,73.53,57.93,73.53174,85.0,buy,0.3723,46365999104.0,14018875392.0,47118000128.0,-0.07,-0.008,0.60433996,0.31987,0.30235,0.2245,2.6155
PYPL,"PayPal Holdings, Inc.",United States,Credit Services,Financial Services,85.39,85606891520,20.42823,17.47346,2.721394,4.258003,65.718,3.07,2.765,14.211,1.436,93.66,55.77,93.69432,125.0,buy,0.22188,31456999424.0,3762625024.0,13258000384.0,0.065,0.058,0.40096,0.19458,0.18185,0.14076,1.423
SOFI,"SoFi Technologies, Inc.",United States,Credit Services,Financial Services,15.6386,16970226688,130.32167,63.841446,6.736326,2.7698548,54.394,2.84,7.115,,1.613,17.19,6.01,11.36667,19.0,hold,0.037249997,2519211008.0,,3329733120.0,,0.341,0.82636,,0.0924,0.084989995,
V,Visa Inc.,United States,Credit Services,Financial Services,316.315,612534517760,32.475872,24.966751,17.049894,15.755094,53.239,4.6,16.581,23.853,0.952,321.62,252.7,331.91772,375.0,buy,0.50708,35925999616.0,13259249664.0,20835999744.0,0.169,0.117,0.97833997,0.69512004,0.66122,0.54955,2.0913
COIN,"Coinbase Global, Inc.",United States,Financial Data & Stock Exchanges,Financial Services,255.79,64037023744,43.501698,52.761963,12.805177,7.3351107,51.515,0.53,12.148,40.67,3.343,349.75,114.51,292.28,420.0,buy,0.21316,5000869888.0,984694848.0,4496306176.0,,0.812,0.85877997,0.2987,0.00722,0.31221,0.7472
NFLX,"Netflix, Inc.",United States,Entertainment,Communication Services,895.78,382908334080,50.75241,37.36186,10.187179,16.85286,81.461,2.26,10.487,39.509,1.25,941.75,461.86,841.7044,1100.0,buy,0.34714,37587279872.0,21647300608.0,18508648448.0,0.448,0.15,0.45251,0.26543,0.29614002,0.20701,1.835
DIS,Walt Disney Company (The),United States,Entertainment,Communication Services,111.3514,201650716672,41.089077,18.32399,2.2398667,2.0096266,45.188,2.29,2.716,14.595,1.398,123.74,83.91,122.66429,140.0,buy,0.0546,90027999232.0,8273750016.0,47584002048.0,,0.037,0.35358003,0.18606001,0.14913,0.053049996,0.9742
ROKU,"Roku, Inc.",United States,Entertainment,Communication Services,75.3102,10934967296,,-87.57,2.8065176,4.444129,24.921,2.24,2.402,174.033,2.072,99.8,48.33,79.5468,100.0,buy,-0.0722,3896275968.0,478073120.0,613193024.0,,0.165,0.4454,0.0138,-0.01623,-0.044180002,
GSAT,"Globalstar, Inc.",United States,Telecom Services,Communication Services,2.1999,4167050496,,-219.98999,17.249083,10.576442,107.313,1.46,18.534,53.284,0.886,2.74,1.0,3.33,5.0,buy,-0.07209,241580992.0,-73529000.0,422912992.0,,0.254,0.67339,0.34783,0.13367,-0.116000004,
VZ,Verizon Communications Inc.,United States,Telecom Services,Communication Services,39.7703,167418249216,17.216581,8.411406,1.247184,1.7380606,182.615,3.96,2.543,7.049,0.418,45.36,37.56,47.49583,56.0,buy,0.10431,134237003776.0,6670875136.0,178355994624.0,-0.31,,0.60094,0.36077,0.23933001,0.07298,1.0509
T,AT&T Inc.,United States,Telecom Services,Communication Services,22.805,163632480256,18.54065,10.404168,1.3405906,1.598556,125.151,3.06,2.65,7.563,0.73,24.03,15.94,25.765,32.5,buy,0.08759,122059997184.0,17564999680.0,148002996224.0,,-0.005,0.59907,0.35042998,0.23618999,0.07419,1.7403
GOOGL,Alphabet Inc.,United States,Internet Content & Information,Communication Services,191.03,2346421321728,25.369188,21.309278,6.904102,7.4583216,9.324,2.36,6.7,18.442,1.034,201.42,130.67,211.11646,240.0,buy,0.32101002,339859013632.0,41104498688.0,29289000960.0,0.366,0.151,0.58127,0.36330003,0.32312,0.27738002,1.2398
META,"Meta Platforms, Inc.",United States,Internet Content & Information,Communication Services,591.4635,1493143650304,27.938757,23.26606,9.557527,9.073475,29.811,2.6,9.414,18.568,1.215,638.4,340.01,654.0554,811.0,strong_buy,0.36134,156226994176.0,39083376640.0,49046999040.0,0.374,0.189,0.81501,0.50701,0.42765,0.35549998,1.3199
SPOT,Spotify Technology S.A.,Luxembourg,Internet Content & Information,Communication Services,450.32,91000217600,127.93182,48.293713,6.0257063,19.592762,38.55,2.11,5.746,73.601,1.561,506.473,185.37,475.78198,605.043,buy,0.20703,15102000128.0,1733874944.0,1786000000.0,3.394,0.188,0.28745002,0.07807,0.11384,0.04642,
RDDT,"Reddit, Inc.",United States,Internet Content & Information,Communication Services,166.56,29244270592,,65.10548,26.058655,14.668428,1.364,2.31,24.367,-45.944,,182.2,37.35,146.3158,210.0,buy,-0.31801,1122247936.0,291823360.0,26965000.0,,0.679,0.89248,-0.53034997,0.01968,-0.47831002,
